site_name,post
ptchan,http://jieq75a6uwqbj5sjzaxlnd7xwgs35audjmkk4g3gfjwosfrz7cp47xid.onion/muie/thread/1466.html,0,18
ptchan,http://jieq75a6uwqbj5sjzaxlnd7xwgs35audjmkk4g3gfjwosfrz7cp47xid.onion/muie/thread/1322.html,0,5
ptchan,http://jieq75a6uwqbj5sjzaxlnd7xwgs35audjmkk4g3gfjwosfrz7cp47xid.onion/muie/thread/1509.html,0,6
ptchan,http://jieq75a6uwqbj5sjzaxlnd7xwgs35audjmkk4g3gfjwosfrz7cp47xid.onion/muie/thread/1497.html,0,1
ptchan,http://jieq75a6uwqbj5sjzaxlnd7xwgs35audjmkk4g3gfjwosfrz7cp47xid.onion/muie/thread/1489.html,0,2
ptchan,http://jieq75a6uwqbj5sjzaxlnd7xwgs35audjmkk4g3gfjwosfrz7cp47xid.onion/muie/thread/1472.html,0,14
ptchan,http://jieq75a6uwqbj5sjzaxlnd7xwgs35audjmkk4g3gfjwosfrz7cp47xid.onion/muie/thread/56.html,0,62
ptchan,http://jieq75a6uwqbj5sjzaxlnd7xwgs35audjmkk4g3gfjwosfrz7cp47xid.onion/muie/thread/1352.html,0,6
ptchan,http://jieq75a6uwqbj5sjzaxlnd7xwgs35audjmkk4g3gfjwosfrz7cp47xid.onion/muie/thread/353.html,0,20
ptchan,http://jieq75a6uwqbj5sjzaxlnd7xwgs35audjmkk4g3gfjwosfrz7cp47xid.onion/muie/thread/1430.html,0,8
ptchan,http://jieq75a6uwqbj5sjzaxlnd7xwgs35audjmkk4g3gfjwosfrz7cp47xid.onion/muie/thread/1409.html,0,19
ptchan,http://jieq75a6uwqbj5sjzaxlnd7xwgs35audjmkk4g3gfjwosfrz7cp47xid.onion/muie/thread/1179.html,0,10
ptchan,http://jieq75a6uwqbj5sjzaxlnd7xwgs35audjmkk4g3gfjwosfrz7cp47xid.onion/muie/thread/1454.html,0,7
ptchan,http://jieq75a6uwqbj5sjzaxlnd7xwgs35audjmkk4g3gfjwosfrz7cp47xid.onion/muie/thread/1438.html,0,6
ptchan,http://jieq75a6uwqbj5sjzaxlnd7xwgs35audjmkk4g3gfjwosfrz7cp47xid.onion/muie/thread/1445.html,0,6
ptchan,http://jieq75a6uwqbj5sjzaxlnd7xwgs35audjmkk4g3gfjwosfrz7cp47xid.onion/muie/thread/1404.html,0,5
ptchan,http://jieq75a6uwqbj5sjzaxlnd7xwgs35audjmkk4g3gfjwosfrz7cp47xid.onion/muie/thread/1376.html,0,28
ptchan,http://jieq75a6uwqbj5sjzaxlnd7xwgs35audjmkk4g3gfjwosfrz7cp47xid.onion/muie/thread/1367.html,0,9
ptchan,http://jieq75a6uwqbj5sjzaxlnd7xwgs35audjmkk4g3gfjwosfrz7cp47xid.onion/muie/thread/1314.html,0,8
ptchan,http://jieq75a6uwqbj5sjzaxlnd7xwgs35audjmkk4g3gfjwosfrz7cp47xid.onion/muie/thread/1356.html,0,11
ptchan,http://jieq75a6uwqbj5sjzaxlnd7xwgs35audjmkk4g3gfjwosfrz7cp47xid.onion/muie/thread/1187.html,0,8
ptchan,http://jieq75a6uwqbj5sjzaxlnd7xwgs35audjmkk4g3gfjwosfrz7cp47xid.onion/muie/thread/1293.html,0,11
ptchan,http://jieq75a6uwqbj5sjzaxlnd7xwgs35audjmkk4g3gfjwosfrz7cp47xid.onion/muie/thread/1242.html,0,12
ptchan,http://jieq75a6uwqbj5sjzaxlnd7xwgs35audjmkk4g3gfjwosfrz7cp47xid.onion/muie/thread/1280.html,0,6
ptchan,http://jieq75a6uwqbj5sjzaxlnd7xwgs35audjmkk4g3gfjwosfrz7cp47xid.onion/muie/thread/1283.html,0,2
ptchan,http://jieq75a6uwqbj5sjzaxlnd7xwgs35audjmkk4g3gfjwosfrz7cp47xid.onion/muie/thread/1278.html,0,3
ptchan,http://jieq75a6uwqbj5sjzaxlnd7xwgs35audjmkk4g3gfjwosfrz7cp47xid.onion/muie/thread/1258.html,0,19
ptchan,http://jieq75a6uwqbj5sjzaxlnd7xwgs35audjmkk4g3gfjwosfrz7cp47xid.onion/muie/thread/1209.html,0,9
ptchan,http://jieq75a6uwqbj5sjzaxlnd7xwgs35audjmkk4g3gfjwosfrz7cp47xid.onion/muie/thread/1231.html,0,7
ptchan,http://jieq75a6uwqbj5sjzaxlnd7xwgs35audjmkk4g3gfjwosfrz7cp47xid.onion/muie/thread/1227.html,0,9
ptchan,http://jieq75a6uwqbj5sjzaxlnd7xwgs35audjmkk4g3gfjwosfrz7cp47xid.onion/muie/thread/1214.html,0,10
ptchan,http://jieq75a6uwqbj5sjzaxlnd7xwgs35audjmkk4g3gfjwosfrz7cp47xid.onion/muie/thread/1042.html,0,15
ptchan,http://jieq75a6uwqbj5sjzaxlnd7xwgs35audjmkk4g3gfjwosfrz7cp47xid.onion/muie/thread/988.html,0,4
ptchan,http://jieq75a6uwqbj5sjzaxlnd7xwgs35audjmkk4g3gfjwosfrz7cp47xid.onion/muie/thread/1194.html,0,10
ptchan,http://jieq75a6uwqbj5sjzaxlnd7xwgs35audjmkk4g3gfjwosfrz7cp47xid.onion/muie/thread/1176.html,0,3
ptchan,http://jieq75a6uwqbj5sjzaxlnd7xwgs35audjmkk4g3gfjwosfrz7cp47xid.onion/muie/thread/1151.html,0,7
ptchan,http://jieq75a6uwqbj5sjzaxlnd7xwgs35audjmkk4g3gfjwosfrz7cp47xid.onion/muie/thread/1154.html,0,14
ptchan,http://jieq75a6uwqbj5sjzaxlnd7xwgs35audjmkk4g3gfjwosfrz7cp47xid.onion/muie/thread/1126.html,0,23
ptchan,http://jieq75a6uwqbj5sjzaxlnd7xwgs35audjmkk4g3gfjwosfrz7cp47xid.onion/muie/thread/1124.html,0,2
ptchan,http://jieq75a6uwqbj5sjzaxlnd7xwgs35audjmkk4g3gfjwosfrz7cp47xid.onion/muie/thread/1111.html,0,12
ptchan,http://jieq75a6uwqbj5sjzaxlnd7xwgs35audjmkk4g3gfjwosfrz7cp47xid.onion/muie/thread/1089.html,0,9
ptchan,http://jieq75a6uwqbj5sjzaxlnd7xwgs35audjmkk4g3gfjwosfrz7cp47xid.onion/muie/thread/1106.html,0,3
ptchan,http://jieq75a6uwqbj5sjzaxlnd7xwgs35audjmkk4g3gfjwosfrz7cp47xid.onion/muie/thread/1097.html,0,2
ptchan,http://jieq75a6uwqbj5sjzaxlnd7xwgs35audjmkk4g3gfjwosfrz7cp47xid.onion/muie/thread/991.html,0,16
ptchan,http://jieq75a6uwqbj5sjzaxlnd7xwgs35audjmkk4g3gfjwosfrz7cp47xid.onion/muie/thread/1069.html,0,6
ptchan,http://jieq75a6uwqbj5sjzaxlnd7xwgs35audjmkk4g3gfjwosfrz7cp47xid.onion/muie/thread/1049.html,0,12
ptchan,http://jieq75a6uwqbj5sjzaxlnd7xwgs35audjmkk4g3gfjwosfrz7cp47xid.onion/muie/thread/1051.html,0,1
ptchan,http://jieq75a6uwqbj5sjzaxlnd7xwgs35audjmkk4g3gfjwosfrz7cp47xid.onion/muie/thread/1023.html,0,2
ptchan,http://jieq75a6uwqbj5sjzaxlnd7xwgs35audjmkk4g3gfjwosfrz7cp47xid.onion/muie/thread/997.html,0,1
ptchan,http://jieq75a6uwqbj5sjzaxlnd7xwgs35audjmkk4g3gfjwosfrz7cp47xid.onion/muie/thread/967.html,0,13
ptchan,http://jieq75a6uwqbj5sjzaxlnd7xwgs35audjmkk4g3gfjwosfrz7cp47xid.onion/muie/thread/693.html,0,14
ptchan,http://jieq75a6uwqbj5sjzaxlnd7xwgs35audjmkk4g3gfjwosfrz7cp47xid.onion/muie/thread/965.html,0,1
ptchan,http://jieq75a6uwqbj5sjzaxlnd7xwgs35audjmkk4g3gfjwosfrz7cp47xid.onion/muie/thread/897.html,0,37
ptchan,http://jieq75a6uwqbj5sjzaxlnd7xwgs35audjmkk4g3gfjwosfrz7cp47xid.onion/muie/thread/960.html,0,2
ptchan,http://jieq75a6uwqbj5sjzaxlnd7xwgs35audjmkk4g3gfjwosfrz7cp47xid.onion/muie/thread/922.html,0,17
ptchan,http://jieq75a6uwqbj5sjzaxlnd7xwgs35audjmkk4g3gfjwosfrz7cp47xid.onion/muie/thread/814.html,0,28
ptchan,http://jieq75a6uwqbj5sjzaxlnd7xwgs35audjmkk4g3gfjwosfrz7cp47xid.onion/muie/thread/893.html,0,3
ptchan,http://jieq75a6uwqbj5sjzaxlnd7xwgs35audjmkk4g3gfjwosfrz7cp47xid.onion/muie/thread/875.html,0,4
ptchan,http://jieq75a6uwqbj5sjzaxlnd7xwgs35audjmkk4g3gfjwosfrz7cp47xid.onion/muie/thread/868.html,0,4
ptchan,http://jieq75a6uwqbj5sjzaxlnd7xwgs35audjmkk4g3gfjwosfrz7cp47xid.onion/muie/thread/813.html,0,8
ptchan,http://jieq75a6uwqbj5sjzaxlnd7xwgs35audjmkk4g3gfjwosfrz7cp47xid.onion/muie/thread/805.html,0,20
ptchan,http://jieq75a6uwqbj5sjzaxlnd7xwgs35audjmkk4g3gfjwosfrz7cp47xid.onion/muie/thread/829.html,0,6
ptchan,http://jieq75a6uwqbj5sjzaxlnd7xwgs35audjmkk4g3gfjwosfrz7cp47xid.onion/muie/thread/711.html,0,60
ptchan,http://jieq75a6uwqbj5sjzaxlnd7xwgs35audjmkk4g3gfjwosfrz7cp47xid.onion/muie/thread/797.html,0,5
ptchan,http://jieq75a6uwqbj5sjzaxlnd7xwgs35audjmkk4g3gfjwosfrz7cp47xid.onion/muie/thread/788.html,0,5
ptchan,http://jieq75a6uwqbj5sjzaxlnd7xwgs35audjmkk4g3gfjwosfrz7cp47xid.onion/muie/thread/794.html,0,3
ptchan,http://jieq75a6uwqbj5sjzaxlnd7xwgs35audjmkk4g3gfjwosfrz7cp47xid.onion/muie/thread/23.html,0,25
ptchan,http://jieq75a6uwqbj5sjzaxlnd7xwgs35audjmkk4g3gfjwosfrz7cp47xid.onion/muie/thread/783.html,0,1
ptchan,http://jieq75a6uwqbj5sjzaxlnd7xwgs35audjmkk4g3gfjwosfrz7cp47xid.onion/muie/thread/280.html,0,7
ptchan,http://jieq75a6uwqbj5sjzaxlnd7xwgs35audjmkk4g3gfjwosfrz7cp47xid.onion/muie/thread/774.html,0,6
ptchan,http://jieq75a6uwqbj5sjzaxlnd7xwgs35audjmkk4g3gfjwosfrz7cp47xid.onion/muie/thread/11.html,0,9
ptchan,http://jieq75a6uwqbj5sjzaxlnd7xwgs35audjmkk4g3gfjwosfrz7cp47xid.onion/muie/thread/501.html,0,8
ptchan,http://jieq75a6uwqbj5sjzaxlnd7xwgs35audjmkk4g3gfjwosfrz7cp47xid.onion/muie/thread/677.html,0,4
ptchan,http://jieq75a6uwqbj5sjzaxlnd7xwgs35audjmkk4g3gfjwosfrz7cp47xid.onion/muie/thread/635.html,0,16
ptchan,http://jieq75a6uwqbj5sjzaxlnd7xwgs35audjmkk4g3gfjwosfrz7cp47xid.onion/muie/thread/648.html,0,9
ptchan,http://jieq75a6uwqbj5sjzaxlnd7xwgs35audjmkk4g3gfjwosfrz7cp47xid.onion/muie/thread/511.html,0,70
ptchan,http://jieq75a6uwqbj5sjzaxlnd7xwgs35audjmkk4g3gfjwosfrz7cp47xid.onion/muie/thread/591.html,0,5
ptchan,http://jieq75a6uwqbj5sjzaxlnd7xwgs35audjmkk4g3gfjwosfrz7cp47xid.onion/muie/thread/628.html,0,6
ptchan,http://jieq75a6uwqbj5sjzaxlnd7xwgs35audjmkk4g3gfjwosfrz7cp47xid.onion/muie/thread/526.html,0,13
ptchan,http://jieq75a6uwqbj5sjzaxlnd7xwgs35audjmkk4g3gfjwosfrz7cp47xid.onion/muie/thread/331.html,0,7
ptchan,http://jieq75a6uwqbj5sjzaxlnd7xwgs35audjmkk4g3gfjwosfrz7cp47xid.onion/muie/thread/524.html,0,10
ptchan,http://jieq75a6uwqbj5sjzaxlnd7xwgs35audjmkk4g3gfjwosfrz7cp47xid.onion/muie/thread/462.html,0,18
ptchan,http://jieq75a6uwqbj5sjzaxlnd7xwgs35audjmkk4g3gfjwosfrz7cp47xid.onion/muie/thread/491.html,0,5
ptchan,http://jieq75a6uwqbj5sjzaxlnd7xwgs35audjmkk4g3gfjwosfrz7cp47xid.onion/muie/thread/430.html,0,28
ptchan,http://jieq75a6uwqbj5sjzaxlnd7xwgs35audjmkk4g3gfjwosfrz7cp47xid.onion/muie/thread/505.html,0,7
ptchan,http://jieq75a6uwqbj5sjzaxlnd7xwgs35audjmkk4g3gfjwosfrz7cp47xid.onion/muie/thread/342.html,0,10
ptchan,http://jieq75a6uwqbj5sjzaxlnd7xwgs35audjmkk4g3gfjwosfrz7cp47xid.onion/muie/thread/389.html,0,13
ptchan,http://jieq75a6uwqbj5sjzaxlnd7xwgs35audjmkk4g3gfjwosfrz7cp47xid.onion/muie/thread/452.html,0,3
ptchan,http://jieq75a6uwqbj5sjzaxlnd7xwgs35audjmkk4g3gfjwosfrz7cp47xid.onion/muie/thread/408.html,0,8
ptchan,http://jieq75a6uwqbj5sjzaxlnd7xwgs35audjmkk4g3gfjwosfrz7cp47xid.onion/muie/thread/383.html,0,14
ptchan,http://jieq75a6uwqbj5sjzaxlnd7xwgs35audjmkk4g3gfjwosfrz7cp47xid.onion/muie/thread/357.html,0,6
ptchan,http://jieq75a6uwqbj5sjzaxlnd7xwgs35audjmkk4g3gfjwosfrz7cp47xid.onion/muie/thread/361.html,0,4
ptchan,http://jieq75a6uwqbj5sjzaxlnd7xwgs35audjmkk4g3gfjwosfrz7cp47xid.onion/muie/thread/346.html,0,6
ptchan,http://jieq75a6uwqbj5sjzaxlnd7xwgs35audjmkk4g3gfjwosfrz7cp47xid.onion/muie/thread/314.html,0,2
ptchan,http://jieq75a6uwqbj5sjzaxlnd7xwgs35audjmkk4g3gfjwosfrz7cp47xid.onion/muie/thread/318.html,0,14
ptchan,http://jieq75a6uwqbj5sjzaxlnd7xwgs35audjmkk4g3gfjwosfrz7cp47xid.onion/muie/thread/275.html,0,6
ptchan,http://jieq75a6uwqbj5sjzaxlnd7xwgs35audjmkk4g3gfjwosfrz7cp47xid.onion/muie/thread/43.html,0,34
ptchan,http://jieq75a6uwqbj5sjzaxlnd7xwgs35audjmkk4g3gfjwosfrz7cp47xid.onion/muie/thread/288.html,0,9
ptchan,http://jieq75a6uwqbj5sjzaxlnd7xwgs35audjmkk4g3gfjwosfrz7cp47xid.onion/muie/thread/287.html,0,6
ptchan,http://jieq75a6uwqbj5sjzaxlnd7xwgs35audjmkk4g3gfjwosfrz7cp47xid.onion/muie/thread/233.html,0,7
